{
	"af": "sigmoid",
	"b-h": [
		[
			2.438652515411377,
			6.116454124450684
		]
	],
	"b-o": [
		[
			-8.533736228942871
		]
	],
	"h": 2,
	"i": 2,
	"lr": 0.0010000000474974513,
	"o": 1,
	"w-ho": [
		[
			17.27390480041504
		],
		[
			-11.171662330627441
		]
	],
	"w-ih": [
		[
			-1.8430367708206177,
			-2513.612548828125
		],
		[
			-1.2403736114501953,
			-11.586605072021484
		]
	]
}